id,unit_id,type,role,related_main_id,prompt,options,correct_index,image,audio,explanation
1,1,true_false,preview,2,A notebook model isn't automatically production-ready.,,true,,,Just because you can build a model in a notebook doesn't mean it works reliably or at scale outside of that environment. You still have to implement proper deployment pipelines.
2,1,multiple_choice,main,,What gap does MLOps close?,Prod gap|Hiring gap|Meeting gap,0,,,"A model that scores well in a Jupyter notebook can still fail once real traffic hits it, because production needs monitoring, versioning, and reliable pipelines the notebook never had."
3,1,true_false,exercise,2,A notebook model is automatically reliable in production.,,false,,,"Getting good numbers in a notebook says nothing about how the model behaves under real traffic, scale, or messy live data."
4,1,select_blank,exercise,2,MLOps is mainly about closing the ___ gap.,notebook-to-production|marketing-to-sales|design-to-hiring,0,,,MLOps exists specifically to bridge the gap between developing models in notebooks and actually running them robustly in production systems.
5,1,multiple_choice,exercise,2,Which is a real production concern MLOps addresses?,Monitoring|Notebook themes|Font choice,0,,,"Monitoring is critical because it tracks how well your model performs over time using real-world data, which is a core concern of MLOps."
6,1,multi_select,exercise,2,Which problems does MLOps help solve?,Untracked runs|Manual deploys|Better fonts|Model decay,0|1|3,,,"MLOps helps automate the entire lifecycle by tracking runs, automating deployments, and managing issues like model decay. Font choice is purely cosmetic."
7,1,true_false,exercise,2,Working code alone guarantees production reliability.,,false,,,"Reliability also depends on monitoring, retraining, and handling live data that looks different from training data."
8,1,multiple_choice,exercise,2,Why can a notebook model fail in production?,No monitoring|Wrong font|Many comments,0,,,
9,2,select_blank,preview,10,The ML lifecycle is a continuous ___.,loop|sprint|meeting,0,,,
10,2,order,main,,Order the ML lifecycle loop steps.,Train|Validate|Deploy|Monitor|Retrain,,,,"For example, a fraud-detection model gets retrained every month as spending patterns shift — after retrain, the cycle starts back at train instead of ever finishing."
11,2,true_false,exercise,10,"Monitoring happens only once, at the start.",,false,,,
12,2,multiple_choice,exercise,10,What comes right after deploy in the loop?,Monitor|Retrain|Train,0,,,
13,2,select_blank,exercise,10,"After monitoring detects decay, teams often ___.",retrain|delete model|ignore it,0,,,"Model decay means performance is dropping due to changes in real-world data, so the standard fix is to retrain the model on fresh data."
14,2,multi_select,exercise,10,Which are stages in the ML lifecycle loop?,Train|Validate|Fundraising|Monitor,0|1|3,,,"The core stages involve training the model, validating its performance against unseen data, and monitoring it in a live environment. Fundraising is a business activity that happens outside of the technical ML lifecycle loop."
15,2,true_false,exercise,10,The ML lifecycle loop feeds back into itself.,,true,,,"Yes, the cycle feeds back because real-world monitoring often reveals performance decay or new data needs, which requires retraining and restarting the process."
16,2,order,exercise,10,Order these three loop stages.,Validate|Deploy|Monitor,,,,"The logical order is to first validate the model's readiness, then deploy it into production, and finally monitor its behavior over time."
17,2,multiple_choice,exercise,10,Why is it called a 'loop' not a line?,It repeats|It's shorter|It's cheaper,0,,,It’s called a loop because the process is continuous; monitoring often reveals issues that force you to go back and retrain or refine your model repeatedly.
18,3,true_false,preview,19,Reproducing a result needs more than just code.,,true,,,"Exactly. Reproducibility requires not just the code, but also the exact versions of the data, environment settings, and all dependencies used at that time."
19,3,multi_select,main,,What must you fix to reproduce an ML result?,Code|Training data|Environment version|Team size,0|1|2,,,"Re-running the same training script six months later with an updated library version can silently change the accuracy, even though the code itself never changed."
20,3,true_false,exercise,19,Code alone is enough to reproduce a result.,,false,,,"No, you need more than just the code; things like specific library versions or initial data are often necessary to truly reproduce a result."
21,3,select_blank,exercise,19,A different library ___ can change results silently.,version|font|color,0,,,"Changing a library's version can introduce subtle changes in how functions work, which often silently alters your results without warning. Font or color choices are purely cosmetic and won't affect computational outcomes."
22,3,multiple_choice,exercise,19,Which factor also affects reproducibility?,Random seed|Variable names|Comment style,0,,,"The random seed dictates the starting point for any process involving randomness, making it essential for reproducing results. Variable names and comments only affect readability, not the actual output."
23,3,categorize,exercise,19,Sort each item into its category.,Training data↔Must Fix|Library version↔Must Fix|Variable naming↔Doesn't Matter|Code comments↔Doesn't Matter,,,,"You must lock down training data and library versions because they are external dependencies that can change over time, while variable names and comments are purely stylistic choices."
24,3,true_false,exercise,19,A fixed random seed helps reproduce results.,,true,,,"Exactly; by setting a fixed random seed, you ensure that any process relying on randomness will start at the exact same point every time, guaranteeing reproducibility."
25,3,multi_select,exercise,19,Which change could break reproducibility?,Library update|Random seed|Renamed variable|Training data,0|1|3,,,"Library updates, changing random seeds, and altering the training data are all major sources of non-reproducibility because they change the environment or input state. A renamed variable is just a local code change that can be easily tracked."
26,3,multiple_choice,exercise,19,Why track environment versions?,Matching environments|Faster training|Prettier code,0,,,"When everyone trains with the exact same library versions, the same code produces the same result — that's what environment tracking buys you."
27,4,select_blank,preview,28,Data versioning tracks the exact ___ used for training.,dataset|font|meeting notes,0,,,"Data versioning is all about tracking which specific snapshot of your input data was used for a given run. It ensures that if you revisit an old result, you use the exact same dataset."
28,4,multiple_choice,main,,What does data versioning let you retrieve later?,Past dataset|Font choices|Meeting notes,0,,,"A tool like DVC snapshots a dataset the way git snapshots code, so you can check out the exact CSV a model was trained on six months ago."
29,4,true_false,exercise,28,Data versioning treats datasets like git treats code.,,true,,,"This is exactly right; just as Git tracks every change to your codebase, data versioning tracks every change to your input datasets. This allows you to pinpoint exactly what data caused a specific model output."
30,4,multiple_choice,exercise,28,Why version training data?,Retrieve datasets|Save space|Faster code,0,,,The main purpose of versioning data is to ensure you can retrieve the precise input snapshot that was used when generating a specific result. This guarantees full reproducibility over time.
31,4,select_blank,exercise,28,"Without data versioning, an old result may be ___.",unreproducible|faster|cheaper,0,,,"If the underlying data changes even slightly, your original result becomes unreproducible because you can't recreate the exact conditions that led to it."
32,4,true_false,exercise,28,An unversioned dataset can change without notice.,,true,,,"That's right; if you don't version your data, someone could modify it at any time without anyone knowing, which makes your results unreliable."
33,4,multi_select,exercise,28,What does versioning data protect against?,Silent changes|Lost snapshots|Slower CPUs|Bad results,0|1|3,,,"Versioning protects against silent changes because it tracks every modification, prevents losing specific historical states (snapshots), and ensures reproducibility so your results are reliable."
34,4,multiple_choice,exercise,28,What's a real tool for data versioning?,DVC|Photoshop|Excel macros,0,,,"DVC (Data Version Control) is the industry standard tool built specifically to manage and track large datasets alongside your code, unlike general tools like Photoshop or Excel macros."
35,4,match_pairs,exercise,28,Match each tool to what it versions.,Git↔Versions code|DVC↔Versions datasets|Random seed↔Fixes randomness,,,,"Git tracks changes in your source code, DVC handles versioning of large data files, and setting a random seed is the specific action needed to fix randomness for reproducibility."
36,5,true_false,preview,37,An experiment tracker logs runs automatically.,,true,,,"Most professional experiment trackers are designed to automatically log critical metadata—like hyperparameters and metrics—every time a run completes, which saves manual effort and ensures thorough records."
37,5,multiple_choice,main,,What does an experiment tracker log per run?,Params metrics|Final code|Meeting notes,0,,,"Instead of naming files 'model_v3_final_REALFINAL.pt' and hoping to remember the settings, a tracker automatically records the learning rate, batch size, and accuracy for every run."
38,5,true_false,exercise,37,Spreadsheets scale well for hundreds of experiments.,,false,,,A spreadsheet gets unmanageable fast once you're comparing dozens of runs with many parameters each — that's exactly what a tracker automates.
39,5,select_blank,exercise,37,An experiment tracker replaces manual ___ naming.,file|font|folder color,0,,,"Trackers manage unique identifiers for your experiments, which is much more robust than relying on manual file naming. Font or folder color are irrelevant to the technical process of tracking model runs."
40,5,multiple_choice,exercise,37,What problem does tracking solve?,Lost history|Slow internet|Ugly UI,0,,,"The main purpose of a tracker is to maintain a complete, organized record of every experiment you run so that you never lose valuable context or historical results. Slow internet or UI issues are technical problems unrelated to tracking's core function."
41,5,multi_select,exercise,37,What does a tracker typically record?,Hyperparameters|Metrics|Employee ages|Artifacts,0|1|3,,,"Trackers capture everything needed to reproduce and understand an experiment, including the settings used (hyperparameters), performance scores (metrics), and resulting models or data (artifacts). Personal details like employee ages are irrelevant to model training."
42,5,true_false,exercise,37,A run's parameters and results are stored together.,,true,,,That's correct; linking parameters and results is fundamental because it allows you to definitively know what inputs led to a specific performance score. This atomic logging capability is the core value of tracking.
43,5,categorize,exercise,37,Sort each item by whether it's logged.,Learning rate↔Logged|Accuracy score↔Logged|Employee birthday↔Not Logged|Office location↔Not Logged,,,,"Learning rates and accuracy scores are direct, measurable outputs or inputs of an ML run, making them essential data points to log. Personal details like birthdays or office locations have no bearing on the experiment's performance."
44,5,multiple_choice,exercise,37,Why compare runs in a tracker?,Best run|Old code|Change fonts,0,,,"You compare runs to see how different model versions perform against each other, helping you identify the best setup. Comparing it to old code or changing fonts doesn't help evaluate performance."
45,6,true_false,preview,46,MLflow Tracking is a real tracking tool.,,true,,,"Yes, MLflow Tracking is a fully functional tool designed specifically to log and manage machine learning experiments for reproducibility."
46,6,multiple_choice,main,,What does MLflow Tracking record per run?,Run data|Just code|Just accuracy,0,,,"Calling mlflow.log_param('lr', 0.01) and mlflow.log_metric('accuracy', 0.93) inside a training script saves both to a run you can later browse in MLflow's web UI."
47,6,true_false,exercise,46,MLflow is open source.,,true,,,"That's right; it's built on an open-source framework, which means anyone can inspect and contribute to its code base."
48,6,multiple_choice,exercise,46,How do you browse past MLflow runs?,Web UI|Only email|Printed reports,0,,,"You use the Web UI, which provides a centralized dashboard to view all logged metrics and parameters from past experiments. This is much easier than relying on emails or physical reports."
49,6,select_blank,exercise,46,"In MLflow, log_metric() saves a run's ___.",metric|font|folder,0,,,"The function is specifically designed to record quantitative measurements, or metrics, that help you evaluate model performance over time."
50,6,true_false,exercise,46,MLflow runs cannot be compared to each other.,,false,,,MLflow's UI is built specifically to let you compare runs side by side — that's a big part of the point.
51,6,multiple_choice,exercise,46,What is an MLflow 'run'?,Tracked attempt|GitHub repo|Docker image,0,,,"An MLflow run represents one specific, logged execution of your model training or experiment. It's the container that holds all the parameters, metrics, and artifacts generated by that single attempt."
52,6,multi_select,exercise,46,What can MLflow Tracking store per run?,Parameters|Metrics|Employee names|Output artifacts,0|1|3,,,"MLflow Tracking is designed to log experiment details; this includes hyperparameters you used (Parameters), performance scores like accuracy (Metrics), and any resulting files such as models or plots (Output artifacts)."
53,6,match_pairs,exercise,46,Match each MLflow term to its meaning.,Param↔Input setting logged|Metric↔Result value logged|Artifact↔File output saved,,,,"Parameters track the input settings you defined for an experiment, Metrics record quantifiable results like loss or AUC, and Artifacts store any resulting files that need to be saved, such as a trained model."
121,7,true_false,preview,122,W&B sweeps automate hyperparameter search.,,true,,,That's correct; Weights & Biases Sweeps is specifically built to automatically manage and execute multiple combinations of hyperparameters for you.
122,7,multiple_choice,main,,What does a W&B sweep automate?,Hyperparameter search|Data labeling|Model deployment,0,,,A sweep launches many training runs automatically — trying different learning rates or batch sizes — then W&B's dashboard shows which combination scored best.
123,7,true_false,exercise,122,A sweep tries many hyperparameter combos automatically.,,true,,,"Yes, that is exactly what a sweep does—it systematically tests numerous combinations of hyperparameters without requiring manual execution for each one."
124,7,select_blank,exercise,122,A W&B ___ automates hyperparameter search.,sweep|dashboard|registry,0,,,"Sweeps are the specific Weights & Biases feature designed to automate and manage hyperparameter searches for machine learning models. While dashboards visualize results, only sweeps actually run the systematic search."
125,7,multiple_choice,exercise,122,What might a sweep search over?,Learning rate|File names|Git commits,0,,,"A sweep is used to systematically test how model performance changes when you vary specific numerical parameters, such as the learning rate. You wouldn't typically use this feature for non-numeric identifiers like file names or commits."
126,7,multi_select,exercise,122,Pick things a sweep can vary.,Learning rate|Batch size|Company logo,0|1,,,"Sweeps are designed to test hyperparameters that affect model training, which include numerical values like learning rates and batch sizes. A company logo is a static asset and cannot be varied in this context."
127,7,true_false,exercise,122,A sweep only ever runs training once.,,false,,,"A sweep's whole point is running many training attempts automatically, not just one."
128,7,multiple_choice,exercise,122,What picks the best sweep result?,Highest score|Random choice|Alphabetical order,0,,,"The sweep dashboard ranks runs by whichever metric you chose, like validation accuracy."
129,8,true_false,preview,130,Staging and production are registry stages.,,true,,,The Model Registry uses defined stages like 'Staging' and 'Production' to track the lifecycle and readiness of a model for deployment. These stages are crucial for managing model governance.
130,8,multi_select,main,,Pick model registry lifecycle stages.,Staging|Production|Archived|Marketing,0|1|2,,,"A model moves from Staging (being tested) to Production (serving real traffic), then eventually Archived once a newer version replaces it."
131,8,order,exercise,130,"Order registry stages, earliest first.",Staging|Production|Archived,,,,"Models typically move from an initial testing phase (Staging) to being ready for live use (Production), and finally into long-term storage or retirement (Archived)."
132,8,match_pairs,exercise,130,Match stage to what it means.,Staging↔being tested|Production↔serving real traffic|Archived↔retired,,,,"Staging is where you test the model with realistic data before launch, Production is the live environment serving real users, and Archived means the model has been decommissioned."
133,8,true_false,exercise,130,Archived means retired from serving.,,true,,,That's correct; 'Archived' signifies that the model is no longer active or used for predictions. It’s taken out of circulation.
134,8,select_blank,exercise,130,A model in ___ serves real traffic.,Production|Staging|Archived,0,,,"Only a model in Production is designed and configured to handle live, real-world traffic. Staging is for testing, while Archived models are inactive."
135,8,multiple_choice,exercise,130,Which stage comes right before Production?,Staging|Marketing|Archived,0,,,Staging is the critical step right before going live because it allows you to test the entire pipeline with production-like data without affecting actual users.
136,8,true_false,exercise,130,Marketing is a registry lifecycle stage.,,false,,,"Marketing isn't a model lifecycle stage — the real ones are Staging, Production, and Archived."
137,9,true_false,preview,138,Online feature stores serve real-time predictions.,,true,,,"Yes, that's their primary function. Online feature stores are built specifically for low-latency retrieval of features needed for real-time prediction serving."
138,9,multiple_choice,main,,What does an online feature store serve?,Real-time predictions|Batch training|Nightly reports,0,,,"When a fraud model scores a transaction in milliseconds, it pulls features from the online store. The same features live in the offline store for training — keeping both in sync avoids training-serving skew, when training and live features quietly drift apart."
139,9,true_false,exercise,138,Offline stores serve model training.,,true,,,"Yes, that's correct; offline stores hold massive datasets necessary for training models because they don't need to respond instantly."
140,9,select_blank,exercise,138,The ___ store serves real-time predictions.,online|offline|neither,0,,,It's the online store because it is specifically designed to handle immediate user requests and provide low-latency predictions when needed.
141,9,multiple_choice,exercise,138,Which store is used at training time?,Offline|Online|Neither,0,,,The offline store is used during training because it can process huge volumes of historical data in large batches without worrying about real-time performance constraints.
142,9,match_pairs,exercise,138,Match store type to its use.,Offline↔training|Online↔real-time serving,,,,"This pairing is correct: the offline store handles massive batch jobs like training, while the online store must be optimized for immediate, low-latency serving."
143,9,multi_select,exercise,138,Pick traits an online store needs.,Fast|Low-latency|Batch-only,0|1,,,Online stores require both speed and low latency to give users instant results; 'Batch-only' describes the function of an offline store.
144,9,true_false,exercise,138,Feature stores help prevent training-serving skew.,,true,,,
145,9,categorize,exercise,138,Sort each use into store type.,Model training↔Offline|Real-time scoring↔Online|Nightly batch job↔Offline|Fraud check API↔Online,,,,
146,10,true_false,preview,147,A Feast FeatureView groups related features.,,true,,,
147,10,multiple_choice,main,,What does a Feast FeatureView group?,Related features|Random files|User accounts,0,,,"A 'driver_stats' FeatureView might group avg_rating and trips_today, since both come from the same underlying table — so Feast can serve them together as one unit."
148,10,true_false,exercise,147,A FeatureView bundles features from one source.,,true,,,
149,10,select_blank,exercise,147,A Feast ___ groups related features.,FeatureView|Notebook|Container,0,,,
150,10,multiple_choice,exercise,147,Example grouped features in one FeatureView?,Driver stats|Random files|Passwords,0,,,"FeatureViews are designed to consolidate related data points, so grouping driver statistics is the most logical fit. Random files or passwords usually require separate handling because they aren't inherently linked by a single concept."
151,10,multi_select,exercise,147,Pick things a FeatureView can group.,Related features|Same-source columns|Unrelated secrets,0|1,,,A FeatureView works best when consolidating things that are logically related or come from the same data source. Grouping unrelated secrets would defeat the purpose of keeping your features organized and manageable.
152,10,select_blank,exercise,147,Grouping features avoids repeating ___.,definitions|images|passwords,0,,,"The primary benefit of grouping is DRY (Don't Repeat Yourself); by centralizing related items, you ensure that the underlying rules or descriptions—the definitions—are only written once."
153,10,true_false,exercise,147,A FeatureView can group unrelated secrets.,,false,,,"A FeatureView is meant to group related features from the same source, not random unrelated secrets."
154,11,true_false,preview,155,A DAG has no cycles.,,true,,,"This is correct because 'acyclic' means there are no loops in the graph structure. If a cycle existed, it would create an impossible dependency loop for data processing."
155,11,multiple_choice,main,,What must a DAG never contain?,Cycles|Steps|Dependencies,0,,,"A training pipeline DAG might run fetch-data, then validate, then train, then evaluate. Each step depends on the one before it, and nothing loops back — that's what makes it a DAG, a directed acyclic graph."
156,11,true_false,exercise,155,DAG stands for directed acyclic graph.,,true,,,"That’s right; DAG stands for directed acyclic graph. The 'directed' part shows flow, and the 'acyclic' confirms there are no loops in that flow."
157,11,select_blank,exercise,155,A DAG has no ___.,cycles|steps|inputs,0,,,"The 'A' in DAG stands for Acyclic, meaning the graph cannot contain any loops or cycles. If a cycle existed, it would imply an infinite dependency loop."
158,11,order,exercise,155,"Order this pipeline, first step first.",Fetch data|Validate|Train|Evaluate,,,,"You must start by fetching raw data, then validate it to ensure quality before you can train a model, and finally evaluate its performance against a test set."
159,11,multiple_choice,exercise,155,Why avoid cycles in a pipeline?,Avoid loops|Save disk|Faster GPUs,0,,,"Cycles create circular dependencies, causing the pipeline to loop infinitely and never complete. The primary concern is logical flow rather than resource management."
160,11,true_false,exercise,155,A DAG step can depend on earlier steps.,,true,,,That is exactly what a Directed Acyclic Graph models; later steps are designed specifically to consume the outputs generated by preceding steps.
161,11,match_pairs,exercise,155,Match pipeline step to its job.,Fetch data↔get raw data|Validate↔check data quality|Train↔fit the model|Evaluate↔score performance,,,,"These pairings are correct: fetching retrieves raw data, validation checks its quality, training builds the model parameters, and evaluation scores how well it performs."
162,11,select_blank,exercise,155,Orchestration runs steps in the right ___.,order|color|font,0,,,
163,12,true_false,preview,164,Each Kubeflow Pipelines step runs in a container.,,true,,,
164,12,multiple_choice,main,,How does each Kubeflow pipeline step run?,A container|A spreadsheet|An email,0,,,"A 'preprocess' component and a 'train' component each package their own code and dependencies into separate Docker containers, so they can run on different machines in the cluster without dependency conflicts."
165,12,true_false,exercise,164,Kubeflow components can run on different machines.,,true,,,
166,12,select_blank,exercise,164,Each Kubeflow step runs in its own ___.,container|spreadsheet|inbox,0,,,
167,12,multiple_choice,exercise,164,Why package steps as separate containers?,Avoid conflicts|Save typing|Reduce colors,0,,,
168,12,multi_select,exercise,164,Pick benefits of containerized steps.,Isolated dependencies|Different machines|Shared state,0|1,,,Containers provide isolation for dependencies and allow steps to run across different machines without issue. Shared state is generally avoided because it introduces complex coupling that can lead to unpredictable failures.
169,12,true_false,exercise,164,Kubeflow Pipelines runs on Kubernetes.,,true,,,
170,12,select_blank,exercise,164,Kubeflow runs steps on a ___ cluster.,Kubernetes|spreadsheet|email,0,,,"Kubeflow relies on Kubernetes because K8s provides the robust, scalable orchestration layer needed to manage and run complex machine learning workflows reliably."
241,13,select_blank,preview,242,"A DAG is a directed, ___ graph.",acyclic|circular|random,0,,,Acyclic means that there are no loops in the graph; you cannot start at a node and follow dependencies back to that same starting point. This structure is necessary because it guarantees that the workflow will eventually complete.
242,13,select_blank,main,,DAG stands for directed ___ graph.,acyclic|circular|random,0,,,"Airflow pipelines are written as DAGs — tasks point to what runs after them, with no loops back."
243,13,true_false,exercise,242,A DAG can loop back to an earlier task.,,false,,,That loop back is exactly what 'acyclic' rules out.
244,13,select_blank,exercise,242,DAG tasks run in dependency ___.,order|circle|random,0,,,"Tasks must run in a specific, defined order based on their connections; one task cannot begin until all of its required upstream tasks have successfully finished."
245,13,multiple_choice,exercise,242,Why must a DAG avoid cycles?,Avoid loops|Run faster|Save memory,0,,,"Cycles create infinite dependency loops, meaning the workflow would get stuck trying to complete tasks that can never finish. Avoiding cycles is essential for ensuring the process terminates."
246,13,true_false,exercise,242,Airflow pipelines are written as DAGs.,,true,,,"This is correct because Airflow fundamentally models workflows using Directed Acyclic Graphs, which define dependencies between tasks."
247,13,true_false,preview,248,Prefect pipelines feel more like plain Python.,,true,,,"That's right; Prefect was designed to feel very natural to Python developers, allowing you to write workflows using standard Python syntax rather than a specialized domain-specific language."
248,13,multiple_choice,main,,What makes Prefect more Pythonic than Airflow?,Dynamic flows|No code|Only YAML,0,,,Airflow traditionally needs DAGs defined upfront in a fixed shape; Prefect flows are regular Python functions that can branch at runtime.
249,13,true_false,exercise,248,Airflow DAGs are traditionally defined upfront.,,true,,,"Yes, you must explicitly define every task and dependency within a file before Airflow can run it; this makes them highly structured but requires upfront definition."
250,13,select_blank,exercise,248,Prefect flows are just regular ___ functions.,Python|YAML|SQL,0,,,"They are written as standard Python functions, which is a major benefit because it lets you use all of Python's native features and debugging tools directly in your workflow definition."
251,13,multiple_choice,exercise,248,Which is more rigid about pipeline shape?,Airflow|Prefect|Neither,0,,,"Airflow is generally considered more rigid because its structure relies heavily on defining explicit DAGs and operators, whereas Prefect allows for a more flexible, Python-native approach to flow definition."
252,13,multiple_choice,exercise,248,What do Airflow and Prefect share?,General-purpose orchestration|ML-only focus|GPU scheduling,0,,,"Unlike Kubeflow Pipelines, which runs natively on Kubernetes, Airflow and Prefect are general-purpose orchestrators applied to ML work."
253,13,true_false,preview,254,Orchestrators can auto-retry a failed task.,,true,,,"Yes, most modern orchestration tools are designed to automatically re-run tasks that fail, which is a core feature for building resilient pipelines."
254,13,multiple_choice,main,,What happens when a task fails?,Auto-retry|Pipeline erases|Nothing happens,0,,,"You set a retry count and delay, and the orchestrator reruns just that failed task instead of the whole pipeline."
255,13,true_false,exercise,254,A failed task always restarts the entire pipeline.,,false,,,"Only that one task retries, not the whole DAG."
256,13,select_blank,exercise,254,You configure a retry ___ before giving up.,count|password|logo,0,,,"You set a maximum number of attempts, or 'count,' so the system knows exactly when it should stop trying and raise an alert instead."
257,13,multiple_choice,exercise,254,What retries after a task fails?,That task|Whole pipeline|Nothing,0,,,Only the specific task that failed will be retried. This is efficient because you don't want to re-run successful parts of your pipeline just because one step failed.
258,13,true_false,exercise,254,Retry delay is configurable.,,true,,,"Absolutely; you can specify a delay between attempts, which is useful if the failure was due to temporary resource overload or rate limiting."
259,14,true_false,preview,260,A data check can block a bad merge.,,true,,,"That's exactly right; data checks act as crucial validation points that enforce quality gates, preventing bad data from corrupting a merge operation."
260,14,multiple_choice,main,,What can a data quality gate block?,A merge|Every commit|Nothing ever,0,,,"Beyond normal code tests, ML CI adds checks like schema validation or missing-value limits, failing the build if data looks wrong."
261,14,true_false,exercise,260,Data quality gates check things a normal test suite wouldn't.,,true,,,Standard tests verify that code runs correctly; data quality gates check if the underlying data is actually usable and meets specific business rules.
262,14,select_blank,exercise,260,A schema check catches unexpected column ___.,types|colors|fonts,0,,,"Schema checks validate the structural integrity of a dataset, ensuring that each column has the expected data type (like integer or string)."
263,14,multi_select,exercise,260,Pick genuine data quality checks.,Schema check|Missing-value limit|Logo check|Duplicate rows,0|1|3,,,"These checks validate the data's structure and content—ensuring types are correct, limits on missing values are met, and duplicates are handled."
264,14,true_false,exercise,260,Data quality gates run only after deployment.,,false,,,"They run in CI, before a merge or promotion, not after deployment."
265,14,true_false,preview,266,A model gate can reject a worse model.,,true,,,"Yes, the purpose of a model gate is to enforce minimum acceptable performance metrics; if the model fails these checks, it cannot proceed."
266,14,multiple_choice,main,,What does a model quality gate compare?,Baseline metric|Font metric|Logo metric,0,,,"If the new model's accuracy (or another metric) falls below a set threshold, CI fails the build instead of promoting it."
267,14,select_blank,exercise,266,A model gate compares against a set ___.,threshold|password|font,0,,,Model gates don't just check if the model exists; they compare its actual performance against a set minimum acceptable threshold value.
268,14,multiple_choice,exercise,266,What happens if accuracy drops below threshold?,Build fails|Auto-promoted|Ignored,0,,,"If the model performance drops below a set threshold, it signals a critical regression and the build must fail to prevent deploying an underperforming system."
269,14,true_false,exercise,266,Model gates only check code style.,,false,,,"They check model performance metrics, not code style — that's what normal linting already covers."
270,14,multiple_choice,exercise,266,Why compare against a baseline model?,Catch regressions|Save storage|Faster training,0,,,"You compare against a baseline to establish a minimum acceptable level of performance, allowing you to immediately detect if new code has accidentally degraded the model's accuracy. This is about stability, not speed or storage."
271,14,true_false,preview,272,ML CI adds steps beyond a normal test suite.,,true,,,"Yes, because ML CI must handle specialized tasks like data validation and measuring model metrics, which are far more complex than standard unit tests."
272,14,code_fill,main,,Complete: fail the build on low accuracy.,if accuracy < ___: fail_build()|threshold,,,,"A quality gate is just an extra check step bolted onto a normal CI pipeline — same mechanics as any other pipeline step, just a new condition."
273,14,true_false,exercise,272,ML CI reuses the same pipeline mechanics as normal CI.,,true,,,"It reuses the core pipeline mechanics (like running steps sequentially) to keep the process familiar. However, remember that while the *mechanics* are reused, the *steps* themselves are specialized for ML."
274,14,select_blank,exercise,272,ML CI adds ___ on top of normal tests.,extra checks|nothing new|random delays,0,,,"ML CI adds crucial extra checks, such as data schema validation and performance regression testing, which standard software tests do not cover."
275,14,multiple_choice,exercise,272,What triggers an ML quality gate check?,A merge|Coffee break|Logo change,0,,,"Quality gates are usually part of a CI/CD workflow, so merging code or model changes is the standard trigger for running checks. Coffee breaks and logo changes are irrelevant to technical pipeline validation."
276,14,true_false,exercise,272,A quality gate step can stop a pipeline early.,,true,,,"Yes, if any single step within the quality gate fails to meet predefined metrics or passes required tests, the entire pipeline run will halt immediately for review."
277,15,true_false,preview,278,A retraining job can run on a fixed schedule.,,true,,,"Absolutely; you can configure jobs to automatically retrain the model at predictable intervals, such as every night or on a specific calendar date."
278,15,code_fill,main,,Complete: cron for every Sunday midnight.,___ * * 0|0 0,,,,"This cron trigger fires the retraining pipeline once a week — the same schedule syntax used for cron jobs anywhere, not something ML-specific."
279,15,true_false,exercise,278,Scheduled retraining runs regardless of recent data changes.,,true,,,It just fires on a timer — whether retraining was actually needed is a separate question.
280,15,select_blank,exercise,278,A scheduled trigger fires on a fixed ___.,timer|whim|refresh,0,,,"Scheduled triggers operate based on a fixed time interval set by a timer. Whims are random events, and refresh implies manual action, neither of which defines a reliable schedule."
281,15,multiple_choice,exercise,278,What kind of trigger is 'every Sunday'?,Scheduled|Drift-triggered|Manual only,0,,,
282,15,true_false,exercise,278,Cron syntax was invented specifically for ML.,,false,,,It's the same general-purpose scheduling syntax used across all kinds of automation.
283,15,true_false,preview,284,Detected drift can trigger retraining.,,true,,,"When the model detects that the incoming data has significantly deviated from its original training data (data drift), this is a critical signal that retraining is necessary."
284,15,multiple_choice,main,,What can trigger retraining besides a schedule?,Detected drift|Logo change|Coffee break,0,,,"Instead of waiting for the next scheduled run, a drift alert can kick off retraining immediately."
285,15,true_false,exercise,284,Drift-triggered retraining reacts to a clock.,,false,,,"It reacts to a detected drift signal, not a clock — that's the scheduled kind."
286,15,select_blank,exercise,284,Drift-triggered retraining reacts to detected ___.,drift|holidays|meetings,0,,,Drift refers to a change in the underlying data patterns over time; retraining is necessary when the system detects this shift in performance or input distribution.
287,15,multiple_choice,exercise,284,Why retrain on drift instead of waiting?,React sooner|Save space|Change logo,0,,,"Waiting allows model accuracy to degrade significantly, but detecting drift lets you react immediately and proactively maintain high performance. Saving space or changing logos are unrelated to model decay."
288,15,true_false,exercise,284,A pipeline can have more than one trigger type.,,true,,,"Pipelines are designed for flexibility, meaning they can be configured to run based on multiple conditions simultaneously, such as a schedule and data change detection."
289,15,true_false,preview,290,A challenger model must beat the champion to win.,,true,,,The entire point of introducing a challenger model is to rigorously test if its performance metrics are superior to the current champion. It must prove itself before it can take over.
290,15,multiple_choice,main,,What is a 'champion' model?,Production model|Backup file|Training script,0,,,The newly retrained model is the 'challenger' — it only replaces the champion if it performs better on held-out data. It is a pattern where a newly trained model (the challenger) is compared against the model currently running in production (the champion).
291,15,true_false,exercise,290,A challenger automatically replaces the champion.,,false,,,It only replaces the champion if it wins the comparison — otherwise the champion stays live.
292,15,select_blank,exercise,290,The newly retrained model is the ___.,challenger|champion|backup,0,,,"Because this model has been newly trained and hasn't yet proven its stability or superiority, it is introduced into the system as a challenger to test against the current champion."
293,15,multiple_choice,exercise,290,When does a challenger get promoted?,Performs better|Always|Never,0,,,"Promotion isn't guaranteed; it depends entirely on the challenger demonstrating measurable improvement over time. If they don't perform better than expected, promotion is unlikely."
294,15,multi_select,exercise,290,Pick roles in a champion/challenger setup.,Champion|Challenger|Reviewer|Firewall,0|1,,,"The setup fundamentally involves two competing roles: the established Champion and the new Challenger being tested against them. Reviewer and Firewall are operational tools, not core roles in this comparison structure."
295,16,true_false,preview,296,A model artifact includes the trained weights.,,true,,,That's correct; the trained weights—the learned parameters of the model—are the most critical component stored within the artifact.
296,16,multiple_choice,main,,What is a model artifact?,Weights metadata|Just code|Just logo,0,,,"Like a Docker image, but the payload is trained weights and metadata (like framework version) instead of app code."
297,16,true_false,exercise,296,A model artifact is just the training script.,,false,,,The training script produces the artifact — the artifact itself is the trained weights and metadata.
298,16,select_blank,exercise,296,A model artifact stores trained ___.,weights|passwords|logos,0,,,The technical knowledge base that an artifact stores is comprised of its trained weights. Passwords or logos are completely unrelated to the machine learning process itself.
299,16,multiple_choice,exercise,296,What metadata might an artifact include?,Framework version|Wifi password|Font choice,0,,,"Metadata provides context, so knowing the framework version tells you exactly what environment was used for training. A wifi password or font choice offers no functional insight into the model's performance."
300,16,true_false,exercise,296,A model artifact can be versioned like code.,,true,,,"Yes, treating models like code is crucial because you need to version both the model artifact and the surrounding inference logic together to ensure reproducibility."
301,16,true_false,preview,302,Inference code loads the model and predicts.,,true,,,That's exactly right; the dedicated inference code acts as the wrapper that handles loading the necessary model files and running the prediction logic on new data.
302,16,multiple_choice,main,,What does inference code do?,Predicts output|Trains model|Deletes model,0,,,"Packaging bundles the weights with the small amount of code that loads them and runs a prediction — without it, the weights alone are unusable."
303,16,true_false,exercise,302,Weights alone are unusable without inference code.,,true,,,"Correct, because the weights themselves are just parameters—you still need the inference code to define the architecture and execute the mathematical operations properly."
304,16,select_blank,exercise,302,Inference code ___ predictions from input.,produces|deletes|hides,0,,,"Inference code's job is to take raw input data and mathematically produce the resulting predictions, making 'produces' the accurate verb here."
305,16,multiple_choice,exercise,302,What gets bundled with model weights?,Inference code|Marketing copy|Old logs,0,,,You must bundle the inference code because the weights are just numbers; the accompanying code tells the system how to actually run those numbers and generate meaningful predictions.
306,16,true_false,exercise,302,Inference code retrains the model each run.,,false,,,Inference code only runs predictions — retraining is a separate process.
307,16,true_false,preview,308,Pinning library versions avoids a training/serving mismatch.,,true,,,"Pinning versions locks down the exact dependencies used during training, guaranteeing that the libraries available at serving time are identical and thus avoiding a mismatch."
308,16,multiple_choice,main,,Why pin exact library versions?,Avoid mismatch|Smaller files|Faster training,0,,,"If serving uses a different library version than training, the same weights can produce different results — pinning keeps behavior consistent, the same idea Docker images use for OS packages."
309,16,true_false,exercise,308,An unpinned library version can change model output.,,true,,,"If you don't pin versions, an automatic update to a dependency could introduce subtle changes in behavior, causing your model to output different results than it did during training."
310,16,select_blank,exercise,308,Pinning versions keeps training and serving ___.,consistent|random|separate,0,,,"Pinning ensures that the dependencies used for both training and serving are identical, which is crucial for maintaining consistency across environments."
311,16,multiple_choice,exercise,308,What happens without pinned versions?,Possible skew|Faster serving|Nothing changes,0,,,The lack of pinned versions can cause dependency drift or skew because library updates might subtly change how the model behaves during inference compared to its training phase. This does not guarantee faster serving or stability.
312,16,true_false,exercise,308,Version pinning is unique to machine learning.,,false,,,"It's a general packaging practice — ML just depends on it more, since even a small library version bump can shift predictions."
313,16,true_false,preview,314,ONNX lets a model run across different frameworks.,,true,,,"ONNX is an open standard format that acts as a bridge, allowing you to export and run models trained in one framework (like PyTorch) using another runtime environment."
314,16,multiple_choice,main,,What problem does a format like ONNX solve?,Cross-framework portability|Faster typing|Smaller logos,0,,,"ONNX (Open Neural Network Exchange) is a shared file format, so a model trained in one framework, like PyTorch, can be served by tools built for another."
315,16,true_false,exercise,314,Every framework requires its own unique file format.,,false,,,A shared format like ONNX avoids that — one exported file can run in multiple serving tools.
316,16,select_blank,exercise,314,ONNX is a shared model file ___.,format|password|meeting,0,,,"ONNX stands for Open Neural Network Exchange, which describes the standardized format used to share models across different machine learning frameworks."
317,16,multiple_choice,exercise,314,Which is a cross-framework model format?,ONNX|MP3|CSV,0,,,"ONNX is an open standard designed specifically to allow models trained in one framework (like PyTorch) to run seamlessly in another, making it cross-framework."
318,16,true_false,exercise,314,Exporting to ONNX can remove framework lock-in.,,true,,,This is true because converting your model into the standardized ONNX format allows you to decouple its deployment from the specific libraries of its original training framework.
319,17,true_false,preview,320,Batch inference scores data with no live request.,,true,,,"That's correct; batch inference processes large amounts of pre-collected data offline, meaning it does not require real-time input requests."
320,17,multiple_choice,main,,What is batch inference?,On schedule|Per request|Streaming events,0,,,"Batch inference runs on a pile of data all at once, like scoring last night's orders every morning — no user is waiting on a live response."
321,17,true_false,exercise,320,Batch inference responds instantly to one request.,,false,,,That's online inference — batch runs on a schedule instead.
322,17,select_blank,exercise,320,Batch inference processes data in ___.,bulk|real time|isolation,0,,,"Because batch processing handles massive volumes of data all at once, the process is best described as working with a bulk dataset rather than individual real-time inputs."
323,17,multiple_choice,exercise,320,Give an example use for batch inference.,Nightly scoring|Chat reply|Game render,0,,,"Batch inference is perfect for large jobs that run periodically without needing immediate results, like calculating scores overnight. Chat replies or game renders require instant responses, making them better suited for online inference."
324,17,true_false,exercise,320,Batch inference suits cases where latency doesn't matter.,,true,,,"Since you are processing many requests together and waiting for the whole job to finish, minimizing response time for any single request isn't a priority. This makes it ideal for background jobs where overall throughput matters more than speed."
325,17,true_false,preview,326,Online inference answers one request at a time.,,true,,,"By definition, 'online' means real-time interaction, so the system must process and respond to each incoming request individually as it arrives. This is necessary for interactive applications like chatbots."
326,17,multiple_choice,main,,What defines online inference?,Low-latency request|Runs overnight|No response,0,,,"A live API call comes in, the model predicts, and a response goes back within milliseconds — like a fraud check during checkout."
327,17,true_false,exercise,326,"Online inference is synchronous, request by request.",,true,,,Synchronous means that the system waits for a response before moving on to the next task; you send a prompt and wait until the answer is fully generated. This contrasts with background processes which can run independently.
328,17,select_blank,exercise,326,Online inference must respond with low ___.,latency|storage|logo,0,,,"Because users expect immediate feedback, the time taken to get a response—the latency—must be very low. High latency would make the application feel slow and unusable."
329,17,multiple_choice,exercise,326,Give an example of online inference.,Fraud check|Nightly report|Weekly retrain,0,,,"A fraud check must happen instantly when a transaction occurs, making it a perfect example of online inference. Nightly reports and weekly retraining are scheduled processes that occur hours or days after the data is collected."
330,17,true_false,exercise,326,Online inference tolerates multi-hour delays.,,false,,,"It needs to answer within a short window, often milliseconds — that's the whole point of 'online.'"
331,17,true_false,preview,332,Streaming inference reacts to a continuous event flow.,,true,,,"That's right; streaming inference is specifically designed to process predictions as continuous events arrive, rather than waiting for a fixed dataset to be ready."
332,17,multiple_choice,main,,What does streaming inference process?,Event stream|Single file|Nothing else,0,,,"Predictions run continuously as new events arrive, like scoring transactions off a live event queue — a middle ground between batch's schedule and online's single request."
333,17,true_false,exercise,332,Streaming inference waits for a nightly schedule.,,false,,,"It reacts continuously as events arrive, not on a fixed nightly schedule — that's batch."
334,17,select_blank,exercise,332,Streaming inference reacts to a live event ___.,queue|logo|font,0,,,"Live event data typically flows through a message queue, which manages the order and flow of incoming items. Logos and fonts are visual assets, not data streams."
335,17,multiple_choice,exercise,332,Which pattern fits a live transaction feed?,Streaming|Batch|Neither,0,,,"Because transactions arrive one after another in real-time, they must be processed immediately as a stream. Batch processing is reserved for large datasets collected over a period of time."
336,17,categorize,exercise,332,Sort each workload by serving pattern.,Nightly report↔Batch|Fraud check API↔Online|Live transaction feed↔Streaming,,,,You correctly paired them: Nightly reports are scheduled batches; fraud checks require immediate online predictions; and live transaction feeds demand continuous streaming analysis.
337,18,true_false,preview,338,TensorFlow Serving is built to serve TF models.,,true,,,That's right; TensorFlow Serving is purpose-built by Google specifically to manage and deploy models saved in the native TF format.
338,18,multiple_choice,main,,What is TensorFlow Serving for?,Serving models|Training models|Labeling data,0,,,"It exposes a trained TensorFlow model over gRPC or REST, handling versioning and swaps without you writing a server from scratch."
339,18,true_false,exercise,338,TensorFlow Serving trains new models.,,false,,,It only serves already-trained models — training happens separately.
340,18,select_blank,exercise,338,TensorFlow Serving exposes a model over gRPC or ___.,REST|USB|Bluetooth,0,,,"It supports REST because it provides standard HTTP endpoints, which makes integrating the model into general web services much easier than just using gRPC."
341,18,multiple_choice,exercise,338,What does a model server save you from writing?,From scratch|Training loop|A logo,0,,,
342,18,command_output,exercise,338,Predict the output: check model status.,"curl localhost:8501/v1/models/my_model|{""state"": ""AVAILABLE""}",,,,"Hitting a TF Serving REST endpoint reports whether the model version is loaded and ready, here AVAILABLE."
343,18,true_false,preview,344,TorchServe is PyTorch's equivalent of TensorFlow Serving.,,true,,,This is correct; both tools serve the same fundamental role: taking a framework-specific model and making it available for high-performance inference in production.
344,18,multiple_choice,main,,What is TorchServe built for?,PyTorch models|TF models|Training models,0,,,"Same idea as TensorFlow Serving, but for models trained in PyTorch."
345,18,true_false,exercise,344,TorchServe serves models trained in PyTorch.,,true,,,"Yes, because TorchServe is designed to work within the PyTorch ecosystem, its entire purpose is centered around deploying models trained using that library."
346,18,select_blank,exercise,344,TorchServe is TensorFlow Serving's PyTorch ___.,equivalent|opposite|replacement,0,,,It's the equivalent because it performs the exact same job as TensorFlow Serving—model deployment—but for models built with PyTorch.
347,18,multiple_choice,exercise,344,Which tool is TensorFlow's equivalent?,TensorFlow Serving|TorchServe|Triton,0,,,"TensorFlow Serving is the dedicated tool built by Google specifically for deploying models trained in TensorFlow. TorchServe handles PyTorch models, while Triton is a general-purpose platform that supports many frameworks but isn't the direct equivalent."
348,18,true_false,exercise,344,TorchServe and TensorFlow Serving solve the same problem.,,true,,,They do solve the same fundamental problem: taking a trained model and exposing it via an API endpoint for real-time predictions. They are simply framework-specific solutions to that core deployment challenge.
349,18,true_false,preview,350,Triton can serve models from multiple frameworks.,,true,,,"That is one of Triton's biggest advantages; unlike tools tied to a single library, it acts as a universal serving layer capable of loading and running models from TensorFlow, PyTorch, ONNX, and many others."
350,18,multiple_choice,main,,What makes Triton different from TorchServe?,Multiple frameworks|Only PyTorch|Only training,0,,,"NVIDIA Triton Inference Server can host TensorFlow, PyTorch, and ONNX models side by side on the same GPU-optimized server, instead of locking you into one framework."
351,18,true_false,exercise,350,Triton locks you into a single framework.,,false,,,That's the opposite of its point — it serves multiple frameworks side by side.
352,18,select_blank,exercise,350,Triton is optimized for ___ hardware.,GPU|floppy disk|dial-up,0,,,"Because deep learning inference requires massive parallel processing power, Triton is heavily optimized to utilize the capabilities found in GPUs. Floppy disks and dial-up speeds are completely inadequate for modern model serving requirements."
353,18,multiple_choice,exercise,350,Pick a genuine multi-framework server.,Triton|TorchServe|TensorFlow Serving,0,,,
354,18,multi_select,exercise,350,Pick real model serving tools.,TensorFlow Serving|TorchServe|Triton|Photoshop,0|1|2,,,"The first three options are industry-standard tools designed specifically for deploying machine learning models into production environments. Photoshop, on the other hand, is a graphic design tool with no relation to ML infrastructure."
361,19,true_false,preview,362,A canary deployment starts with a small traffic slice.,,true,,,"That's right; the whole point of canary is gradual rollout. You only send a tiny fraction of users to the new version first, minimizing risk if something goes wrong."
362,19,multiple_choice,main,,What is a canary deployment?,Small traffic|Full switch|Local testing,0,,,"Like a real canary release: maybe 5% of users get the new model version while 95% stay on the old one, so a bad version only affects a few people before you notice."
363,19,true_false,exercise,362,Canary deployments start with most traffic on new version.,,false,,,A canary starts small — often just 1-5% — precisely so a bad version only hurts a few users.
364,19,select_blank,exercise,362,A canary deployment sends a ___ of traffic first.,small slice|full amount|zero amount,0,,,"It sends a small slice because you want to test the new code on real traffic without risking the entire user base. Sending zero amount is just testing locally, and full amount defeats the purpose of canary."
365,19,multiple_choice,exercise,362,Why start a canary at low traffic?,Limit exposure|Save money|Speed training,0,,,"The primary goal is limiting exposure—if there's a bug, only a small percentage of users will experience it. While saving money might be a side benefit, risk mitigation is the core technical reason."
366,19,multi_select,exercise,362,Which metrics does a canary watch?,Error rate|Latency|Lunch menu|Meeting notes,0|1,,,You always watch operational metrics like error rate and latency because they tell you if the system is performing correctly under load. The other options are irrelevant to performance monitoring.
367,19,code_fill,exercise,362,Complete: give the new version 5% of traffic.,"canary:
  version: v2
  weight: ___|5",,,,A weight of 5 means 5% of live traffic goes to the canary version while the rest stays on the stable one.
368,19,order,exercise,362,Order the canary rollout steps.,Route 5% traffic|Watch metrics|Increase to 100%,,,,"If metrics look bad partway through, the rollout can also reverse — a rollback that sends all traffic back to the old version instead of continuing to ramp up."
369,19,true_false,preview,370,Shadow deployment sends live traffic but ignores its output.,,true,,,"Correct. Shadow deployment sends real traffic to the new service, but it doesn't use that output for anything; it just lets you observe how the service behaves in a live environment."
370,19,multiple_choice,main,,What happens to a shadow model's output?,Discarded|Shown live|Replaces prod,0,,,"The new model runs on real, live requests in parallel with production, but its predictions are only logged for comparison — real users never see them, so there's zero user-facing risk."
371,19,true_false,exercise,370,Shadow deployment carries zero user-facing risk.,,true,,,"Because its predictions never reach a real user, a shadow model can be badly broken without anyone but you noticing."
372,19,select_blank,exercise,370,Shadow traffic is ___ real user traffic.,mirrored|invented|deleted,0,,,"Shadow traffic is a copy of actual user requests, meaning it's mirrored from real-time production data. It isn't invented or deleted; it just runs alongside the live traffic for testing."
373,19,multiple_choice,exercise,370,How is shadow different from canary?,Stays hidden|Fake data|No logging,0,,,"The key difference is visibility: shadow testing runs completely invisible to users, while a canary deployment routes a small, visible subset of real user traffic to the new version."
374,19,multi_select,exercise,370,What can shadow deployment help check?,New accuracy|New latency|Font choices|Logo design,0|1,,,"Shadow deployments are designed to test the technical performance and reliability of a model using real data, so they check things like new accuracy and response latency. They aren't used for checking visual elements like fonts or logos."
375,19,true_false,exercise,370,A shadow model's output can reach a real user.,,false,,,"Its output is only ever logged for comparison, never returned to a real request."
376,20,true_false,preview,377,Watching a model's output distribution can reveal problems.,,true,,,"Yes, tracking how the model's outputs are spread out over time helps detect subtle shifts in data quality or performance drift before they cause major failures."
377,20,multiple_choice,main,,What does output monitoring track?,Prediction shape|CPU only|Network cables,0,,,"Beyond the logs, metrics, and traces you'd track for any service, ML systems also need to watch the shape of what the model predicts — if a spam filter suddenly flags 90% of email as spam, that's a red flag even with normal latency and error rates."
378,20,true_false,exercise,377,Normal latency metrics catch every ML problem.,,false,,,A model can be fast and error-free while still quietly predicting garbage — that's why output distribution needs its own watch.
379,20,select_blank,exercise,377,ML monitoring watches prediction ___ over time.,distribution|font|color,0,,,"We monitor the distribution because we need to know if the model's outputs are changing statistically over time, which is much more important than their font or color."
380,20,multiple_choice,exercise,377,A sudden shift in predicted classes signals?,Model issue|Faster servers|Better uptime,0,,,"A major shift in the types of predictions being made usually means something has changed with the input data or the model itself, indicating a potential performance issue."
381,20,multiple_choice,exercise,377,Which of these is specifically ML monitoring?,Output distribution|Request latency|Disk space,0,,,Latency and disk space apply to any service — watching what a model actually predicts is the ML-specific layer on top.
382,20,true_false,exercise,377,Output distribution monitoring is unique to ML systems.,,true,,,"This is generally true because while all systems track performance, monitoring the statistical distribution of abstract model outputs is a specialized technique unique to machine learning."
383,20,true_false,preview,384,A model's confidence scores can be monitored too.,,true,,,"Absolutely; monitoring the confidence score tells you how certain the model is about its own prediction, which is a key indicator of potential performance degradation."
384,20,multiple_choice,main,,What is a confidence score?,Model certainty|CPU load|Network ping,0,,,"It's the probability a model attaches to its own prediction — a spike in low-confidence predictions often shows up before accuracy even drops, since confidence shifts the moment inputs start looking unfamiliar. It is the actual, correct outcome for a prediction once it's known."
385,20,true_false,exercise,384,Rising low-confidence predictions can warn of trouble early.,,true,,,"Yes, if the average confidence score starts dropping or low-confidence predictions rise, it's an early warning sign that the model might be encountering data outside its training scope."
386,20,select_blank,exercise,384,Confidence monitoring flags ___ predictions.,uncertain|fast|colorful,0,,,"Confidence monitoring flags predictions that the model isn't sure about, which helps developers know when to intervene."
387,20,multiple_choice,exercise,384,Why watch confidence instead of just accuracy?,Accuracy lags|Confidence slower|Accuracy instant,0,,,"Real accuracy needs the true outcome, which often arrives later — confidence is available the instant a prediction is made."
388,20,multiple_choice,exercise,384,A confidence score near 50/50 means?,Model unsure|Model certain|Model crashed,0,,,A 50/50 score indicates a high degree of uncertainty because the model is equally likely to choose between two options. 'Model unsure' is the perfect description for this ambiguity.
389,20,true_false,exercise,384,Confidence scores replace the need for ground truth.,,false,,,"They're an early warning signal, not a replacement — you still need real outcomes, the ground truth, to know if predictions were actually correct."
390,21,true_false,preview,391,Data drift means input data has changed shape.,,true,,,"True. Data drift refers specifically to changes in the statistical properties or distribution of the input data over time, even if the code remains the same."
391,21,multiple_choice,main,,What is data drift?,Input shifts|Code bug|Server crash,0,,,"Say a loan model was trained on applicants averaging age 35 — if most applicants are now 22, the input distribution has shifted even though the model itself never changed."
392,21,true_false,exercise,391,Data drift can happen without any code change.,,true,,,True. Drift is often caused by real-world changes—like seasonal trends or new user behaviors—that happen independently of any model updates.
393,21,select_blank,exercise,391,Data drift is a shift in ___ data.,input|output|no,0,,,Data drift specifically refers to a shift in the input data that the model receives during operation.
394,21,multiple_choice,exercise,391,Data drift affects which side of a model?,Input features|Only labels|Neither side,0,,,"Data drift means the statistical properties of the incoming data change, which directly impacts the input features the model expects to see. It doesn't necessarily mean the labels or the underlying relationship has changed yet."
395,21,true_false,exercise,391,Data drift alone always breaks predictions.,,false,,,"Feature values can shift while the model still handles them fine — drift is a warning sign to watch, not proof predictions broke."
396,21,multiple_choice,exercise,391,A classic data drift example is?,Age shift|Server reboot|Logo redesign,0,,,"An age shift means the demographic distribution of your incoming data has changed over time, which is a textbook example of data drift. A server reboot or logo change doesn't alter the underlying statistical properties of the features themselves."
397,21,true_false,preview,398,Concept drift means the input-output link changes.,,true,,,"This is correct because concept drift specifically refers to a change in the underlying mapping or relationship between the input features and the target variable. The model’s predictions are wrong not just because the data changed, but because the rules governing it have shifted."
398,21,multiple_choice,main,,What is concept drift?,Link shifts|Server slows|Data deleted,0,,,"During a sudden shift like a pandemic, past purchase patterns stopped predicting future buying behavior — inputs looked similar, but what they meant for the correct output had genuinely changed."
399,21,true_false,exercise,398,Concept drift can happen with unchanged input data.,,true,,,The features can look statistically identical while the correct answer for those same features quietly changes.
400,21,select_blank,exercise,398,Concept drift changes what output ___ correct.,counts as|never is|always is,0,,,"Concept drift means the relationship between features and labels has changed, so we say the output 'counts as' something different given the same input. The underlying rules governing the data are what shift, not just the absolute count of outcomes."
401,21,multiple_choice,exercise,398,Concept drift differs from data drift how?,Relationship shifts|Inputs vanish|Servers crash,0,,,"Concept drift means the underlying relationship between inputs and outputs has changed, while data drift only means the statistical properties of the inputs have shifted. The model's logic itself breaks down, not just the incoming data stream."
402,21,true_false,exercise,398,Concept drift is always easy to spot fast.,,false,,,It often only shows up once real outcomes arrive
403,21,multiple_choice,exercise,398,Concept drift means the same input now?,Predicts differently|Never appears|Doubles size,0,,,"Concept drift means that the relationship between the input features and the target variable has changed over time, causing the model to predict differently even if the raw inputs look similar."
404,21,true_false,preview,405,A drift score above a threshold flags an alert.,,true,,,"Yes, comparing a calculated drift score against a predefined threshold is exactly how we determine if the model's performance has degraded enough to warrant an alert."
405,21,multiple_choice,main,,How is drift usually detected?,Distance score|Random guess|Code reading,0,,,"A common tool is PSI, the Population Stability Index — a single number comparing today's feature distribution to the training distribution; the bigger the number, the more the data has shifted."
406,21,true_false,exercise,405,A higher PSI score means less drift.,,false,,,"PSI grows as distributions diverge — a small PSI looks like training data, a large one means they've moved apart."
407,21,select_blank,exercise,405,PSI compares today's data to the ___ data.,training|test|fake,0,,,"The Population Stability Index (PSI) always compares the distribution of current, live data against the original training data to quantify feature shifts."
408,21,command_output,exercise,405,What does this drift check print?,"psi_score = compute_psi(train_dist, live_dist)
print('ALERT' if psi_score > 0.2 else 'OK')
# psi_score = 0.35|ALERT",,,,"Since the calculated psi_score of 0.35 is greater than the defined threshold of 0.2, the conditional statement correctly executes and prints ALERT."
409,21,multiple_choice,exercise,405,A drift score is compared against a?,Threshold|Password|Meeting time,0,,,"To determine if model degradation is significant enough to worry about, the calculated drift score must be compared against a predefined numerical threshold."
410,21,true_false,exercise,405,PSI needs the original training distribution to work.,,true,,,"Yes, model performance degrades when the real-world data distribution shifts away from what it was trained on. This is known as concept drift."
411,21,true_false,preview,412,Detected drift can trigger a retraining pipeline.,,true,,,Detecting that a model's input or output patterns have changed (drift) is usually the signal to initiate retraining and update the model with current data.
412,21,multiple_choice,main,,What often happens after drift is confirmed?,Retraining triggers|Server reboots|Logo update,0,,,"This is the same retraining-trigger idea from continuous training — instead of waiting on a fixed schedule, a confirmed drift alert can kick off training on fresh data right away."
413,21,true_false,exercise,412,Drift response always means discarding the model.,,false,,,Often it just means retraining the same architecture on newer data — no need to throw anything away.
414,21,select_blank,exercise,412,Drift can trigger a fresh ___ run.,training|vacation|meeting,0,,,"When significant changes are detected in the incoming data, it often signals that the model needs a fresh training run using more up-to-date information."
415,21,multiple_choice,exercise,412,"Besides retraining, a drift alert can prompt?",Human review|Delete data|Ignore users,0,,,"While retraining is common, a drift alert might also indicate that human experts need to manually review the model's recent decisions or performance before taking further action."
416,21,true_false,exercise,412,Ignoring persistent drift usually improves accuracy.,,false,,,"Left unaddressed, drift tends to make predictions steadily less reliable as live data drifts further from training data."
417,21,multiple_choice,exercise,412,A drift-triggered retrain uses which data?,Fresh data|Old dataset|No data,0,,,"To correct for drift, you must use fresh data—the most current samples reflecting the new operational environment—to retrain the model."
418,22,true_false,preview,419,Data validation tests check incoming data quality.,,true,,,"Yes, that's exactly what they do; data validation ensures the incoming data meets expected quality and structural standards before processing begins."
419,22,multiple_choice,main,,What do data validation tests check?,Data quality|Server uptime|UI colors,0,,,"Beyond a normal unit test that checks your code's logic, a data validation test checks the data itself — like making sure an 'age' column never holds a negative number before it reaches the model."
420,22,true_false,exercise,419,Data validation tests run before training or inference.,,true,,,Correct; these checks are meant to clean up inputs so that both training and subsequent predictions (inference) can proceed reliably with high-quality data.
421,22,select_blank,exercise,419,Data validation catches bad data before the ___.,model sees|logo loads|font renders,0,,,"Data validation specifically focuses on ensuring the raw input is clean before the model attempts to process it, which is different from checking general UI elements like logos or fonts."
422,22,multiple_choice,exercise,419,A data validation test might catch?,Negative age|Slow CPU|Broken link,0,,,"Validation looks for logical inconsistencies in the data itself, such as an age being negative; slow CPU speed is a performance issue, and broken links are usually handled by different types of testing."
423,22,multiple_choice,exercise,419,Data validation differs from a unit test by checking?,The data|Nothing|Only UI,0,,,
424,22,true_false,exercise,419,Schema checks are a form of data validation.,,true,,,"A schema check confirms columns have the right names, types, and shape — one of the most common data validation tests."
425,22,true_false,preview,426,An invariance test expects output to stay the same.,,true,,,That's right; an invariance test confirms that changing non-critical aspects of the input (like background noise or slight rotations) does not change the core expected output.
426,22,multiple_choice,main,,What does an invariance test check?,Stays stable|Never restarts|No bugs,0,,,Change something the model shouldn't care about — like swapping a loan applicant's name from 'John' to 'Maria' — and a fair model's approval decision should stay exactly the same.
427,22,true_false,exercise,426,An irrelevant edit changing output is a bug.,,true,,,"If flipping an unrelated detail flips the decision, that's exactly the kind of hidden bias a behavioral test is meant to catch."
428,22,select_blank,exercise,426,"Invariance tests change ___ inputs, expect the same result.",irrelevant|every|no,0,,,Invariance means that changing inputs that shouldn't affect the output—like adding extra metadata or reordering fields—shouldn't change the result.
429,22,multiple_choice,exercise,426,Behavioral tests mainly focus on a model's?,Outputs|Source code|Server logs,0,,,"Behavioral testing checks how the model behaves when given various inputs, focusing specifically on whether the resulting outputs are correct and consistent."
430,22,multiple_choice,exercise,426,A directional test expects output to move?,Predictable way|Randomly|Never,0,,,"Raising a house's square footage in a price model should predictably push the predicted price up, not down."
431,22,true_false,exercise,426,Invariance and directional tests are both behavioral tests.,,true,,,"Both invariance and directional tests examine the model's behavior under specific conditions, making them types of behavioral testing."
432,23,true_false,preview,433,A model card documents a model before it ships.,,true,,,"Model cards are crucial documentation that outlines the model's intended use, limitations, and performance metrics *before* deployment to ensure responsible usage."
433,23,multiple_choice,main,,What is a model card?,Model doc|ID badge|Billing invoice,0,,,"It's a short standardized document covering a model's intended use, its training data, known limitations, and its measured performance — similar in spirit to a nutrition label, but for a model."
434,23,true_false,exercise,433,A model card lists a model's intended use.,,true,,,"Yes, that's correct; the intended use helps users understand where and how the model was designed to perform best. This documentation is crucial for preventing misuse outside of its tested domain."
435,23,select_blank,exercise,433,A model card records known ___.,limitations|jokes|colors,0,,,They record known limitations because this is critical information for users to understand the model's failure modes and scope of reliability. Jokes or colors are irrelevant technical details.
436,23,multiple_choice,exercise,433,A model card is most like a?,Nutrition label|Marketing flyer|Sales receipt,0,,,"A nutrition label is the best comparison because it provides standardized, objective facts about the contents—in this case, the model's inputs, outputs, and constraints."
437,23,multi_select,exercise,433,What belongs on a model card?,Training data|Known limitations|Office address|Lunch menu,0|1,,,"You must include the training data to understand the model's biases, and known limitations are essential for responsible deployment. An office address or lunch menu is irrelevant to the model's function."
438,23,true_false,exercise,433,Model cards are written after a model already failed.,,false,,,"They're meant to exist before a model ships, so anyone using it already knows its limits."
439,23,true_false,preview,440,Some models need human sign-off before going live.,,true,,,"Yes, especially for high-stakes areas like medical diagnosis or autonomous vehicles, a human expert must validate the model's output before it can be trusted."
440,23,multiple_choice,main,,What is an approval workflow for?,Human sign-off|Faster deploys|Skip docs,0,,,"A high-stakes model, like one deciding loan approvals, often needs a designated reviewer to sign off before it's promoted to production — the same instinct as a code review, applied to a model release."
441,23,true_false,exercise,440,Approval workflows apply mostly to high-stakes models.,,true,,,"Yes, because if a model's failure could cause significant harm or financial loss, human oversight is critical before deployment."
442,23,select_blank,exercise,440,Approval gates require a human ___.,sign-off|password|logo,0,,,"An approval gate needs explicit confirmation of acceptance, which is represented by a human sign-off. A password or logo only confirms access, not judgment."
443,23,multiple_choice,exercise,440,An approval workflow is closest to a?,Code review|Server restart|Marketing pitch,0,,,"It's most like a code review because both involve multiple subject matter experts checking work before it goes live, ensuring quality and safety."
444,23,multiple_choice,exercise,440,Skipping approval on a risky model risks?,Unchecked harm|Faster training|Cheaper storage,0,,,"Bypassing checks means any flaws or biases in the model could be deployed without mitigation, leading to real-world damage."
445,23,true_false,exercise,440,Every internal experiment needs full approval sign-off.,,false,,,Approval gates matter most for models that reach production and affect real people — not every early experiment needs the same ceremony.
446,23,true_false,preview,447,A fairness check compares performance across groups.,,true,,,"That's correct; fairness testing specifically measures if the model performs equally well for different demographic or protected groups, ensuring no bias exists."
447,23,multiple_choice,main,,What does a fairness check compare?,Group performance|Response time|Line count,0,,,"For example, checking whether a hiring model approves resumes at similar rates across genders — a model can look accurate overall while quietly performing worse for one subgroup."
448,23,true_false,exercise,447,A model can look accurate but still unfair.,,true,,,
449,23,select_blank,exercise,447,Fairness checks compare results across ___.,subgroups|servers|files,0,,,
450,23,multiple_choice,exercise,447,A fairness check might reveal?,Uneven accuracy|Faster inference|Lower memory,0,,,
451,23,multiple_choice,exercise,447,Fairness checks should mainly happen?,Before shipping|After lawsuit|Never,0,,,"Ideally it's caught before shipping — governance is about catching gaps early, not reacting after harm is already done."
452,23,true_false,exercise,447,Fairness checks are unrelated to model governance.,,false,,,They're actually a core part of governance — fairness is one of the things a responsible approval process checks for.
453,24,true_false,preview,454,LLM apps need to version prompts like code.,,true,,,
454,24,multiple_choice,main,,What is prompt versioning?,Tracking changes|Deleting prompts|Ignoring edits,0,,,"The same instinct behind a model registry tracking which trained weights are live now applies to prompts too — an LLM app needs to know exactly which prompt text produced which behavior, and roll back a bad edit just as easily."
455,24,true_false,exercise,454,A prompt change can break app behavior.,,true,,,
456,24,select_blank,exercise,454,Prompt versioning tracks changes over ___.,time|weekends|lunch,0,,,Versioning tracks changes over time because it records how a prompt evolves or shifts in its wording and intent.
457,24,multiple_choice,exercise,454,Prompt versioning borrows its idea from?,Model registries|Coffee orders|Office seating,0,,,"Prompt versioning models after model registries, which are systems designed to systematically track different versions of machine learning assets."
458,24,multiple_choice,exercise,454,"Without prompt versioning, a bad edit is hard to?",Roll back|Type|Read,0,,,"The primary benefit of version control is the ability to roll back; without it, reverting a bad edit would be impossible."
459,24,true_false,exercise,454,Prompts are stable enough to never need tracking.,,false,,,"A small wording tweak can noticeably change an LLM's answers, so prompts need the same careful tracking as model weights."
460,24,true_false,preview,461,RAG answers are graded on real grounding.,,true,,,True. Grounding means that every claim made in the answer must be verifiable and supported by the original source material provided by RAG.
461,24,multiple_choice,main,,What does RAG evaluation check?,Answer grounding|Server uptime|Font rendering,0,,,"RAG stands for Retrieval-Augmented Generation — the model looks up real documents before answering. Evaluation checks whether the final answer is actually grounded in those documents, not just fluent-sounding text the model invented."
462,24,true_false,exercise,461,A fluent RAG answer can still be ungrounded.,,true,,,An answer can read perfectly well while citing facts the retrieved documents never actually said — that's exactly what grounding checks catch.
463,24,select_blank,exercise,461,RAG evaluation checks answers against retrieved ___.,documents|passwords|invoices,0,,,RAG evaluation checks answers against retrieved documents because those documents provide the necessary context to confirm if the generated response is accurate.
464,24,multiple_choice,exercise,461,RAG stands for retrieval-augmented?,Generation|Deployment|Testing,0,,,"RAG stands for retrieval-augmented generation, which means the model pulls external information before generating a response to make it more accurate."
465,24,multiple_choice,exercise,461,Why can't tests assert one exact LLM answer?,Wording varies|Never respond|Answers cached,0,,,"The same prompt can produce differently-worded answers each run, which is why many teams grade LLM output with another model acting as a judge, instead of one fixed expected string."
466,24,true_false,exercise,461,An LLM-as-judge approach can score answer quality.,,true,,,"Yes, an LLM can be used as a judge by prompting it to evaluate and score the quality of answers based on specific criteria."
467,24,true_false,preview,468,Token usage adds a new cost dimension to watch.,,true,,,"Absolutely; beyond just API calls or compute time, you must also account for token usage when budgeting for LLMs."
468,24,multiple_choice,main,,What is token cost monitoring?,Request spend|Disk space|Screen colors,0,,,"Every LLM call is billed by tokens in and out, so on top of the prediction-distribution and confidence monitoring from earlier, LLM systems also need to watch cost per request — a subtle prompt change can quietly multiply your bill."
469,24,true_false,exercise,468,A longer prompt can directly raise token cost.,,true,,,"Since costs are calculated per token, increasing the length of your prompt directly increases the total number of tokens used and thus the cost."
470,24,select_blank,exercise,468,LLM calls are billed by ___ used.,tokens|pixels|seconds,0,,,LLM calls are billed based on the number of input and output tokens processed by the model.
471,24,multiple_choice,exercise,468,Token cost monitoring is mostly unique to?,LLM systems|Every system|No systems,0,,,
472,24,multiple_choice,exercise,468,A cost spike might come from?,Longer prompts|Faster servers|Smaller datasets,0,,,
473,24,true_false,exercise,468,Token cost is irrelevant once accuracy looks fine.,,false,,,"A model can be accurate and still quietly burn far more budget than expected — cost is its own thing to watch, separate from correctness."
474,19,match_pairs,exercise,362,Match each canary term to its meaning.,Canary↔Small traffic slice|Rollback↔Revert on bad metrics|Ramp-up↔Increase traffic gradually,,,,"These terms describe the standard lifecycle of a safe deployment: you start with a small slice, gradually ramp up traffic, and know how to revert if metrics drop."
475,21,categorize,exercise,398,Sort each example by drift type.,"Applicant ages shift↔Data drift|Same inputs, new correct label↔Concept drift|Buying habits change meaning↔Concept drift|Fewer young applicants apply↔Data drift",,,,
476,22,match_pairs,exercise,426,Match each ML test to what it checks.,Data validation↔Incoming data quality|Invariance test↔Output stays stable|Directional test↔Output moves predictably,,,,"Data validation checks input quality, invariance ensures outputs remain stable despite irrelevant changes, and directional tests verify predictable output movement."
477,24,categorize,exercise,468,Sort each task to its LLMOps concept.,Tracking prompt edits↔Prompt versioning|Checking answer grounding↔RAG evaluation|Watching spend per call↔Token cost monitoring,,,,
